int64_field_0,id,name,subscribers_count,permalink,nsfw,spam
4,t5_via1x,/channel/mylittlepony,4323081,/channel//channel/mylittlepony,,False
5,t5_cv9gn,/channel/polyamory,2425929,/channel//channel/polyamory,,False
10,t5_8p2tq,/channel/Catholicism,4062607,/channel//channel/Catholicism,,False
16,t5_8fcro,/channel/cordcutters,7543226,/channel//channel/cordcutters,,False
17,t5_td5of,/channel/stevenuniverse,2692168,/channel//channel/stevenuniverse,,False
23,t5_z01fv,/channel/entitledbitch,2709080,/channel//channel/entitledbitch,,False
24,t5_hmqjk,/channel/engineering,8766144,/channel//channel/engineering,,False
25,t5_1flyj,/channel/nottheonion,2580984,/channel//channel/nottheonion,,False
27,t5_5rwej,/channel/FoodPorn,7784809,/channel//channel/FoodPorn,,False
40,t5_uurcv,/channel/puppysmiles,3715991,/channel//channel/puppysmiles,,False
